<?xml version="1.0" ?>
<odoo>

    <data noupdate="1">
        <!--Template For Joining Letter-->
        <record id="appointment_letter_email_template" model="mail.template">
            <field name="name">Appointment Letter: Send by email</field>
            <field name="model_id" ref="hr_recruitment.model_hr_applicant"/>
            <field name="email_from">career@hpl.com.bd</field>
            <field name="email_to">${object.email_from}</field>
            <field name="subject">Appointment Letter</field>
            <field name="body_html" type="html">
                <div style="margin: 0px; padding: 0px;">
                    <p style="margin: 0px; padding: 0px; font-size: 13px;">
                        Dear ${object.last_name}
                        <br/>
                        <br/>
                        We would like to thank you for attending the interview and look forward to have you onboard.
                        Please find your appointment letter attached.
                        <br/>
                        <br/>
                        Thanks and best regards,<br/>
                        Human Resource Department<br/>
                        Healthcare Pharmaceuticals Ltd.
                    </p>
                </div>
            </field>

        </record>
    </data>
</odoo>