<?xml version="1.0" ?>
<odoo>

    <data noupdate="1">
        <!--Template For Joining Letter-->
        <record id="regret_letter_email_template" model="mail.template">
            <field name="name">regret Letter: Send by email</field>
            <field name="model_id" ref="hr_recruitment.model_hr_applicant"/>
            <field name="email_from">career@hpl.com.bd</field>
            <field name="email_to">${object.email_from}</field>
            <field name="subject">Regret Letter</field>
            <field name="body_html" type="html">
                <div style="margin: 0px; padding: 0px;">
                    <p style="margin: 0px; padding: 0px; font-size: 13px;">
                        Dear ${object.last_name},
                        <br/>
                        <br/>
                        <p>We would like to thank you for applying. Your qualifications &amp; interview performance
                            were impressive but due to limited vacancies we could not be able to offer you employment
                            this time. We will keep your application in our prospective candidates CV bank for future
                            consideration and encourage you to apply for other openings if there is any in future.
                            <br/>
                            We wish you all the best in your future endeavors.
                        </p>
                        <br/>
                        <br/>
                        <b>Thanks &amp; best regards,</b>
                        <br/>
                        <p>Human Resource Department</p>
                        <br/>
                        <p>Healthcare Pharmaceuticals Ltd.</p>
                    </p>
                </div>
            </field>

        </record>
    </data>
</odoo>