<?xml version="1.0" encoding="utf-8"?>
<odoo noupdate="1">
    <!-- for HOD Approval-->
    <record id="_rr_sent_to_hod_template_" model="mail.template">
        <field name="name">Recruitment Request : Sent to HOD</field>
        <field name="model_id" ref="recruitment_requests.model_hr_recruitment_request"/>
        <field name="subject">Recruitment Request : ${object.name} has been created</field>
        <field name="auto_delete" eval="False"/>
        <field name="body_html"><![CDATA[
            <p style="font-size:14px;">Dear _user_name_,</p>
            <p style="font-size:14px;">A new recruitment request has been created for your department.</p>

            <p style="font-size:14px;">Recruitment Ref. : ${object.rr_name}</p>
            <p style="font-size:14px;">Department : ${object.department_id.name}</p>
            <p style="font-size:14px;">Designation : ${object.job_id.name}</p>
            <p style="font-size:14px;">Salary Range : ${object.lower_salary_range} to ${object.upper_salary_range}</p>


            <p style="font-size:14px;">Please click
                <a href="_ticket_url_">here</a>
                to view details and approve the request.
            </p>
            ]]>
            </field>
    </record>

    <!-- for Second Tier HOD -->
    <record id="request_accepted_bt_hod" model="mail.template">
        <field name="name">Recruitment Request : Second HOD</field>
        <field name="email_from">${object.user_id.email_formatted | safe}</field>
        <field name="subject">Recruitment Request :${object.name} has been approved</field>
        <field name="model_id" ref="recruitment_requests.model_hr_recruitment_request"/>
        <field name="auto_delete" eval="False"/>
        <field name="body_html"><![CDATA[
            <p style="font-size:14px;">Dear _user_name_,</p>
            <p style="font-size:14px;">Your recruitment request has been approved by for your department head.</p>

            <p style="font-size:14px;">Recruitment Ref. : ${object.rr_name}</p>
            <p style="font-size:14px;">Department : ${object.department_id.name}</p>
            <p style="font-size:14px;">Designation : ${object.job_id.name}</p>
            <p style="font-size:14px;">Salary Range : ${object.lower_salary_range} to ${object.upper_salary_range}</p>


            <p style="font-size:14px;">Please click
                <a href="_ticket_url_">here</a>
                to view details.
            </p>
            ]]>
            </field>
    </record>

    <!-- for HR Approval-->
    <record id="_rr_sent_to_hr_template_" model="mail.template">
        <field name="name">Recruitment Request : Sent to HR</field>
        <field name="model_id" ref="recruitment_requests.model_hr_recruitment_request"/>
        <field name="subject">Recruitment Request : ${object.name} has been created</field>
        <field name="auto_delete" eval="False"/>
        <field name="body_html"><![CDATA[
            <p style="font-size:14px;">Dear _user_name_,</p>
            <p style="font-size:14px;">A new recruitment request has been created.</p>

            <p style="font-size:14px;">Recruitment Ref. : ${object.rr_name}</p>
            <p style="font-size:14px;">Department : ${object.department_id.name}</p>
            <p style="font-size:14px;">Designation : ${object.job_id.name}</p>
            <p style="font-size:14px;">Salary Range : ${object.lower_salary_range} to ${object.upper_salary_range}</p>


            <p style="font-size:14px;">Please click
                <a href="_ticket_url_">here</a>
                to view details and approve the request.
            </p>
            ]]>
            </field>
    </record>


    <record id="request_accepted_by_hr" model="mail.template">
        <field name="name">Recruitment Request : HR Approve</field>
        <field name="email_from">${object.user_id.email_formatted | safe}</field>
        <field name="subject">Recruitment Request :${object.name} has been approved</field>
        <field name="model_id" ref="recruitment_requests.model_hr_recruitment_request"/>
        <field name="auto_delete" eval="False"/>
        <field name="body_html"><![CDATA[
            <p style="font-size:14px;">Dear _user_name_,</p>
            <p style="font-size:14px;">Your recruitment request has been approved by HR.</p>

            <p style="font-size:14px;">Recruitment Ref. : ${object.rr_name}</p>
            <p style="font-size:14px;">Department : ${object.department_id.name}</p>
            <p style="font-size:14px;">Designation : ${object.job_id.name}</p>
            <p style="font-size:14px;">Salary Range : ${object.lower_salary_range} to ${object.upper_salary_range}</p>


            <p style="font-size:14px;">Please click
                <a href="_ticket_url_">here</a>
                to view details.
            </p>
            ]]>
            </field>
    </record>


    <!-- Send to MD-->
    <record id="_rr_sent_to_md_template_" model="mail.template">
        <field name="name">Recruitment Request : Sent to MD</field>
        <field name="model_id" ref="recruitment_requests.model_hr_recruitment_request"/>
        <field name="subject">Recruitment Request : ${object.name} has been created</field>
        <field name="auto_delete" eval="False"/>
        <field name="body_html"><![CDATA[
            <p style="font-size:14px;">Dear _user_name_,</p>
            <p style="font-size:14px;">A new recruitment request has been created.</p>

            <p style="font-size:14px;">Recruitment Ref. : ${object.rr_name}</p>
            <p style="font-size:14px;">Department : ${object.department_id.name}</p>
            <p style="font-size:14px;">Designation : ${object.job_id.name}</p>
            <p style="font-size:14px;">Salary Range : ${object.lower_salary_range} to ${object.upper_salary_range}</p>


            <p style="font-size:14px;">Please click
                <a href="_ticket_url_">here</a>
                to view details and approve the request.
            </p>
            ]]>
            </field>
    </record>

    <!--MD Approval-->

    <record id="request_accepted_by_md" model="mail.template">
        <field name="name">Recruitment Request : MD Approval</field>
        <field name="email_from">${object.user_id.email_formatted | safe}</field>
        <field name="subject">Recruitment Request :${object.name} has been approved</field>
        <field name="model_id" ref="recruitment_requests.model_hr_recruitment_request"/>
        <field name="auto_delete" eval="False"/>
        <field name="body_html"><![CDATA[
            <p style="font-size:14px;">Dear _user_name_,</p>
            <p style="font-size:14px;">Your recruitment request has been approved by Managing Director.</p>

            <p style="font-size:14px;">Recruitment Ref. : ${object.rr_name}</p>
            <p style="font-size:14px;">Department : ${object.department_id.name}</p>
            <p style="font-size:14px;">Designation : ${object.job_id.name}</p>
            <p style="font-size:14px;">Salary Range : ${object.lower_salary_range} to ${object.upper_salary_range}</p>


            <p style="font-size:14px;">Please click
                <a href="_ticket_url_">here</a>
                to view details.
            </p>
            ]]>
            </field>
    </record>
    <!--MD Rejection-->
    <record id="request_rejected_by_md" model="mail.template">
        <field name="name">Recruitment Request : MD Rejection</field>
        <field name="email_from">${object.user_id.email_formatted | safe}</field>
        <field name="subject">Recruitment Request :${object.name} has been approved</field>
        <field name="model_id" ref="recruitment_requests.model_hr_recruitment_request"/>
        <field name="auto_delete" eval="False"/>
        <field name="body_html"><![CDATA[
            <p style="font-size:14px;">Dear _user_name_,</p>
            <p style="font-size:14px;">Your recruitment request has been rejected by Managing Director.</p>

            <p style="font-size:14px;">Recruitment Ref. : ${object.rr_name}</p>
            <p style="font-size:14px;">Department : ${object.department_id.name}</p>
            <p style="font-size:14px;">Designation : ${object.job_id.name}</p>
            <p style="font-size:14px;">Salary Range : ${object.lower_salary_range} to ${object.upper_salary_range}</p>


            <p style="font-size:14px;">Please click
                <a href="_ticket_url_">here</a>
                to view details.
            </p>
            ]]>
            </field>
    </record>


    <record id="start_recruitment_template" model="mail.template">
        <field name="name">Recruitment Request : Start Recruitment</field>
        <field name="email_from">${object.user_id.email_formatted | safe}</field>
        <field name="subject">Recruitment : ${object.name}  </field>
        <field name="model_id" ref="recruitment_requests.model_hr_recruitment_request"/>
        <field name="auto_delete" eval="False"/>
        <field name="body_html"><![CDATA[
            <p style="font-size:14px;">Dear _user_name_,</p>
            <p style="font-size:14px;">Recruitment has been started for this request.</p>

            <p style="font-size:14px;">Recruitment Ref. : ${object.rr_name}</p>
            <p style="font-size:14px;">Department : ${object.department_id.name}</p>
            <p style="font-size:14px;">Designation : ${object.job_id.name}</p>
            <p style="font-size:14px;">Salary Range : ${object.lower_salary_range} to ${object.upper_salary_range}</p>


            <p style="font-size:14px;">Please click
                <a href="_ticket_url_">here</a>
                to view details.
            </p>
            ]]>
            </field>
    </record>

    <record id="recruitment_done_template" model="mail.template">
        <field name="name">Recruitment Request : Done</field>
        <field name="email_from">${object.user_id.email_formatted | safe}</field>
        <field name="subject">Recruitment : ${object.name}  </field>
        <field name="model_id" ref="recruitment_requests.model_hr_recruitment_request"/>
        <field name="auto_delete" eval="False"/>
        <field name="body_html"><![CDATA[
            <p style="font-size:14px;">Dear _user_name_,</p>
            <p style="font-size:14px;">Recruitment has been completed.</p>

            <p style="font-size:14px;">Recruitment Ref. : ${object.rr_name}</p>
            <p style="font-size:14px;">Department : ${object.department_id.name}</p>
            <p style="font-size:14px;">Designation : ${object.job_id.name}</p>
            <p style="font-size:14px;">Salary Range : ${object.lower_salary_range} to ${object.upper_salary_range}</p>


            <p style="font-size:14px;">Please click
                <a href="_ticket_url_">here</a>
                to view details.
            </p>
            ]]>
            </field>
    </record>

    <!--<record id="regret_letter_template" model="mail.template">-->
        <!--<field name="name">Regret Letter</field>-->
        <!--<field name="email_from">${object.user_id.email_formatted | safe}</field>-->
        <!--<field name="subject">Letter of Regret  </field>-->
        <!--<field name="model_id" ref="hr_recruitment.model_hr_recruitment"/>-->
        <!--<field name="auto_delete" eval="False"/>-->
        <!--<field name="body_html"><![CDATA[-->
            <!--<p>Dear Mr/Ms. _applicant_name_ ,</p><br/><br/>-->
            <!--<p>We would like to thank you for attending the written test/ interview for the position of Product Executive, SMD.-->

            <!--Your qualifications & interview performance were impressive but due to limited vacancies we could not be able to offer you employment this time.-->

            <!--We will keep your application in our prospective candidates CV bank for future consideration and encourage you to apply for other openings if there is any in future.-->

            <!--We wish you all the best in your future endeavors.</p><br/><br/>-->

            <!--<b>Thanks & best regards,</b><br/><br/>-->

            <!--<p>Human Resource Department</p><br/><br/>-->

            <!--<p>Healthcare Pharmaceuticals Ltd.</p>-->


            <!--]]>-->
            <!--</field>-->
    <!--</record>-->


</odoo>
