<?xml version="1.0" ?>
<odoo>
    <data noupdate="1">
        <!--Template For Joining Letter-->
        <record id="applicant_letter_email_template" model="mail.template">
            <field name="name">Application Letter: Send by email</field>
            <field name="model_id" ref="hr_recruitment.model_hr_applicant"/>
            <field name="email_from"></field>
            <field name="email_to"></field>
            <field name="subject">Successfully Applied</field>
            <field name="body_html" type="html">
                <div style="margin: 0px; padding: 0px;">
                    <p style="margin: 0px; padding: 0px; font-size: 13px;">
                        Dear ${object.last_name},
                        <br/>
                        <br/>
                        <p>
                            <h2>Congratulations!</h2>
                            Thank you for applying!
                            Your application has been submitted successfully. We will reach out to you
                            with an update via email or phone ASAP.

                            Please be patient till we get back to you.

                            Here is your application ID <bold>${object.applicant_code}</bold>
                        </p>
                        <br/>
                        <br/>
                        <b>Thanks &amp; best regards,</b>
                        <br/>
                        <p>Human Resource Department</p>
                        <br/>
                    </p>
                </div>
            </field>

        </record>
    </data>
      <data noupdate="1">
        <record id="requisition_email_template" model="mail.template">
            <field name="name">Manpower Requisition Approval Email HOD: Send by email</field>
            <field name="model_id" ref="ccl_candidate_recruitment.model_hr_recruitment_requisition"/>
            <field name="email_to"> </field>
            <field name="email_cc"> </field>
            <field name="subject">Manpower Requisition Approval Email</field>
            <field name="body_html" type="html">
                <div style="margin: 0px; padding: 0px;">
                    <p style="margin: 0px; padding: 0px; font-size: 13px;">

                    </p>
                </div>
            </field>
        </record>
    </data>

     <data noupdate="1">
        <record id="requisition_email_hr_template" model="mail.template">
            <field name="name">Manpower Requisition Approval Email HR: Send by email</field>
            <field name="model_id" ref="ccl_candidate_recruitment.model_hr_recruitment_requisition"/>
            <field name="email_to"> </field>
            <field name="email_cc"> </field>
            <field name="subject">Manpower Requisition Approval Email TO HR</field>
            <field name="body_html" type="html">
                <div style="margin: 0px; padding: 0px;">
                    <p style="margin: 0px; padding: 0px; font-size: 13px;">

                    </p>
                </div>
            </field>
        </record>
    </data>

     <data noupdate="1">
        <record id="requisition_email_hr_received_template" model="mail.template">
            <field name="name">Manpower Requisition HR Received Email: Send by email</field>
            <field name="model_id" ref="ccl_candidate_recruitment.model_hr_recruitment_requisition"/>
            <field name="email_to"> </field>
            <field name="email_cc"> </field>
            <field name="subject">Manpower Requisition HR Received</field>
            <field name="body_html" type="html">
                <div style="margin: 0px; padding: 0px;">
                    <p style="margin: 0px; padding: 0px; font-size: 13px;">

                    </p>
                </div>
            </field>
        </record>
    </data>
</odoo>