id,name,model_id:id,group_id:id,perm_read,perm_write,perm_create,perm_unlink
access_employee_nominee,ccl_onboarding.employee_nominee,model_employee_nominee,,1,1,1,1
access_orientation_place,ccl_onboarding.orientation_place,model_orientation_place,,1,1,1,1
access_employee_reference,ccl_onboarding.employee_reference,model_employee_reference,,1,1,1,1
access_employee_nominee_line,ccl_onboarding.employee_nominee_line,model_employee_nominee_line,,1,1,1,1
access_employee_orientation_schedule,ccl_onboarding.employee_orientation_schedule,model_employee_orientation_schedule,,1,1,1,1
access_employee_orientation_schedule_line,ccl_onboarding.employee_orientation_schedule_line,model_employee_orientation_schedule_line,,1,1,1,1

access_employee_pf_declaration,ccl_onboarding.employee_pf_declaration,model_employee_pf_declaration,,1,1,1,1
access_employee_witness_line,ccl_onboarding.employee_witness_line,model_employee_witness_line,,1,1,1,1
access_employee_pf_nomination,ccl_onboarding.employee_pf_nomination,model_employee_pf_nomination,,1,1,1,1
access_pf_nomination_line,ccl_onboarding.pf_nomination_line,model_pf_nomination_line,,1,1,1,1

access_employee_nominee_for_sales,ccl_onboarding.employee_nominee_for_sales,model_employee_nominee_for_sales,,1,1,1,1
access_employee_nominee_for_sales_line,ccl_onboarding.employee_nominee_for_sales_line,model_employee_nominee_for_sales_line,,1,1,1,1

access_employee_development_plan,ccl_onboarding.employee_development_plan,model_employee_development_plan,,1,1,1,1
access_access_template_line,ccl_onboarding.access_template_line,model_access_template_line,,1,1,1,1
access_workplace_template_line,ccl_onboarding.workplace_template_line,model_workplace_template_line,,1,1,1,1
access_provide_information_template_line,ccl_onboarding.provide_information_template_line,model_provide_information_template_line,,1,1,1,1
access_training_program,ccl_onboarding.training_program,model_training_program,,1,1,1,1

access_employee_joining_report,ccl_onboarding.employee_joining_report,model_employee_joining_report,,1,1,1,1

access_access_template,ccl_onboarding.access_template,model_access_template,,1,1,1,1
access_access_template_load_line,ccl_onboarding.access_template_load_line,model_access_template_load_line,,1,1,1,1

access_workplace_template,ccl_onboarding.workplace_template,model_workplace_template,,1,1,1,1
access_workplace_template_load_line,ccl_onboarding.workplace_template_load_line,model_workplace_template_load_line,,1,1,1,1
access_provide_information_template,ccl_onboarding.provide_information_template,model_provide_information_template,,1,1,1,1
access_provide_information_template_load_line,ccl_onboarding.provide_information_template_load_line,model_provide_information_template_load_line,,1,1,1,1
access_training_program_template,ccl_onboarding.training_program_template,model_training_program_template,,1,1,1,1
access_training_program_template_line,ccl_onboarding.training_program_template_line,model_training_program_template_line,,1,1,1,1

access_employee_surety_bond,ccl_onboarding.employee_surety_bond,model_employee_surety_bond,,1,1,1,1
access_employee_medical_report,ccl_onboarding.employee_medical_report,model_employee_medical_report,,1,1,1,1


access_employee_training,ccl_onboarding.employee_training,model_employee_training,,1,1,1,1
access_employee_training_line,ccl_onboarding.employee_training_line,model_employee_training_line,,1,1,1,1
access_employee_commitment_letter,ccl_onboarding.employee_commitment_letter,model_employee_commitment_letter,,1,1,1,1
access_access_template_line_remarks,ccl_onboarding.access_template_line_remarks,model_access_template_line_remarks,,1,1,1,1
access_workplace_template_line_remarks,ccl_onboarding.workplace_template_line_remarks,model_workplace_template_line_remarks,,1,1,1,1
access_provide_information_template_line_remarks,ccl_onboarding.provide_information_template_line_remarks,model_provide_information_template_line_remarks,,1,1,1,1