<?xml version="1.0" encoding="UTF-8"?>
<odoo>
    <data>

        <record model="ir.module.category" id="onboarding_category">
            <field name="name">Onboarding</field>
            <field name="sequence">2</field>
        </record>

<!--        Category-->
        <record id="group_onboarding_hr_manager" model="res.groups">
            <field name="name">HR Manager</field>
            <field name="category_id" ref="ccl_onboarding.onboarding_category"/>
        </record>

        <record id="group_onboarding_employee" model="res.groups">
            <field name="name">Employee</field>
            <field name="category_id" ref="ccl_onboarding.onboarding_category"/>
        </record>

        <record id="group_onboarding_supervisor" model="res.groups">
            <field name="name">Supervisors</field>
            <field name="category_id" ref="ccl_onboarding.onboarding_category"/>
        </record>
        <record id="group_onboarding_candidate" model="res.groups">
            <field name="name">Candidate(HO &amp; Plant)</field>
            <field name="category_id" ref="ccl_onboarding.onboarding_category"/>
        </record>

        <record id="group_onboarding_candidate_sales" model="res.groups">
            <field name="name">Candidate (Sales)</field>
            <field name="category_id" ref="ccl_onboarding.onboarding_category"/>
        </record>

<!--        Record rule / permission-->

<!--        <record model="ir.rule" id="see_his_exit_request">-->
<!--            <field name="name">See His Request Only</field>-->
<!--            <field name="model_id" ref="model_exit_request"/>-->
<!--            <field name="domain_force">[('employee_user_id', '=', user.id)]</field>-->
<!--            <field name="groups" eval="[(4, ref('group_exit_employee'))]"/>-->
<!--            <field name="perm_create" eval="1"/>-->
<!--            <field name="perm_write" eval="1"/>-->
<!--            <field name="perm_unlink" eval="1"/>-->
<!--            <field name="perm_read" eval="1"/>-->
<!--        </record>-->

<!--        <record model="ir.rule" id="see_own_department_request">-->
<!--            <field name="name">See Departmental Request</field>-->
<!--            <field name="model_id" ref="model_exit_request"/>-->
<!--            <field name="domain_force">[('department_id', '=', user.employee_id.department_id.id)]</field>-->
<!--            <field name="groups" eval="[(4, ref('group_exit_hod'))]"/>-->
<!--            <field name="perm_create" eval="1"/>-->
<!--            <field name="perm_write" eval="1"/>-->
<!--            <field name="perm_unlink" eval="1"/>-->
<!--            <field name="perm_read" eval="1"/>-->
<!--        </record>-->

    </data>
</odoo>