<?xml version="1.0" ?>
<odoo>

    <data noupdate="1">
        <!--Template For Joining Letter-->
        <record id="offer_letter_email_template" model="mail.template">
            <field name="name">Offer Letter: Send by email</field>
            <field name="model_id" ref="ccl_recruitment_training.model_trainee_details"/>
            <field name="email_from"></field>
            <field name="email_to">${object.work_email}</field>
            <field name="subject">Training Offer Letter</field>
            <field name="body_html" type="html">
                <div style="margin: 0px; padding: 0px;">
                    <p style="margin: 0px; padding: 0px; font-size: 13px;">
                        Dear ${object.name}
                        <br/>
                        <br/>
                        Here is your Training Offer Letter.
                        <br/>
                        <br/>
                        If you have queries feel free to ask.
                    </p>
                </div>
            </field>
            <field name="report_template" ref="training_offer_letter_pdf"/>
            <field name="report_name">Training Offer Letter ${(object.name)}</field>
        </record>
    </data>

    <data noupdate="1">
        <!--Template For Joining Letter-->
        <record id="mio_card_email_template" model="mail.template">
            <field name="name">MIO LIST: Send by email</field>
            <field name="model_id" ref="ccl_recruitment_training.model_trainee_details_main"/>
            <field name="email_to">${object.to_name}</field>
            <field name="email_cc"></field>
            <field name="subject">All Trainee MIO LIST</field>
            <field name="body_html" type="html">
                <div style="margin: 0px; padding: 0px;">
                    <p style="margin: 0px; padding: 0px; font-size: 13px;">
                        Dear ${object.user_id.name},
                        <br/>
                        <br/>
                        Please arrange to prepare ID card for Trainee MIO as followings:
                        <br/>
                        Batch : ${object.batch_no}
                        <br/>
                        Starting Date : ${object.starting_date}
                        <br/>
                        Closing Date : ${object.closing_date}
                        <br/>
                        <br/>
                        Thanks and Regards,
                        <br/>
                        ${object.user_id.name}

                    </p>
                </div>
            </field>
            <field name="report_name">MIO List</field>
            <field name="report_template" ref="trainee_id_card_list_report_xls"/>
        </record>
    </data>

    <data noupdate="1">
        <record id="schedule_email_template" model="mail.template">
            <field name="name">Training Schedule : Send by email</field>
            <field name="model_id" ref="ccl_recruitment_training.model_schedule_time_lines"/>
            <field name="email_to"> </field>
            <field name="email_cc"> </field>
            <field name="subject">Training Schedule</field>
            <field name="body_html" type="html">
                <div style="margin: 0px; padding: 0px;">
                    <p style="margin: 0px; padding: 0px; font-size: 13px;">

                    </p>
                </div>
            </field>
        </record>
    </data>

</odoo>