<?xml version="1.0"?>
<odoo noupdate="1">
	<!--Reference: https://odoo-development.readthedocs.io/en/latest/odoo/models/ir.cron.html-->
	<record id="employee_update_cron" model="ir.cron">
		<field name="name">Employee Update from SAP</field>
		<field name="active" eval="True" />
		<field name="user_id" ref="base.user_root" />
		<field name="type">ir.actions.server</field>
		<field name="interval_number">1</field>
		<field name="interval_type">days</field>
		<field name="numbercall">-1</field>
		<field name="nextcall" >2022-10-18 04:30:01</field>
		<field name="model_id" ref="model_hpl_employee"/>
		<field name="state">code</field>
		<field name="code">model.update_employee_daily()</field>
	</record>

</odoo>

