<?xml version="1.0" encoding="utf-8"?>
<odoo>
    <data noupdate="1">

        <record id="hpl_employee_id" model="ir.sequence">
            <field name="name">HPL Employee Sequence</field>
            <field name="code">hpl.employee.seq</field>
            <field name="prefix">HPL-%(range_year)s%(range_month)s%(range_day)s</field>
            <field name="number_next">1</field>
            <field name="number_increment">1</field>
            <field name="padding">7</field>
        </record>
    </data>
</odoo>