<?xml version="1.0" encoding="utf-8"?>
<odoo noupdate="1">
    <!-- for HOD sent-->
    <record id="exit_request_sent_to_supervisor_template" model="mail.template">
        <field name="name">Exit Request : Sent to Supervisor</field>
        <field name="model_id" ref="ccl_exit_process.model_exit_request"/>
        <field name="subject">Exit Request : has been created for ${object.employee_id.full_name}
        </field>
        <field name="auto_delete" eval="False"/>
        <field name="body_html"><![CDATA[
            <p style="font-size:14px;">Dear _user_name_,</p>
            <br/>
            <p style="font-size:14px;">${object.employee_id.full_name}, ID : ${object.employee_code} has requested for
                exit and waiting for your approval.
            </p>


            <p style="font-size:14px;">Department : ${object.department_id.name}</p>
            <p style="font-size:14px;">Designation : ${object.job_id}</p>

            <p style="font-size:14px;">Please click
                <a href="_ticket_url_">here</a>
                to view details and approve the request.
            </p>
            <br/><br/>

            <p style="font-size:14pt; font-family: calibri;font-weight:bold;">Human Resources Department</p>
            <p style="font-size:12pt; font-family: calibri;">Healthcare Pharmaceuticals Limited</p>
            ]]>
            </field>
    </record>

    <!-- for HOD Approval-->
    <record id="exit_request_sent_to_hod_template_" model="mail.template">
        <field name="name">Exit Request : Sent to HOD</field>
        <field name="model_id" ref="ccl_exit_process.model_exit_request"/>
        <field name="subject">Exit Request : ${object.name} has been created by Employee ${object.employee_id.name}
        </field>
        <field name="auto_delete" eval="False"/>
        <field name="body_html"><![CDATA[
            <p style="font-size:14px;">Dear _user_name_,</p>
            <br/>
            <p style="font-size:14px;">${object.employee_id.name}, ID : ${object.employee_code} has requested for
                exit.
            </p>

            <p style="font-size:14px;">Ref. : ${object.name}</p>
            <p style="font-size:14px;">Department : ${object.department_id.name}</p>
            <p style="font-size:14px;">Designation : ${object.job_id.name}</p>

            <p style="font-size:14px;">Please click
                <a href="_ticket_url_">here</a>
                to view details and approve the request.
            </p>
            <br/><br/>

            <p style="font-size:14pt; font-family: calibri;font-weight:bold;">Human Resources Department</p>
            <p style="font-size:12pt; font-family: calibri;">Healthcare Pharmaceuticals Limited</p>

            ]]>
            </field>
    </record>

     <!-- Supervisor approval -->
    <record id="exit_request_supervisor_approved_template" model="mail.template">
        <field name="name">Exit Request : Supervisor Approval</field>
        <field name="subject">Exit Request :${object.name} has been approved.</field>
        <field name="model_id" ref="ccl_exit_process.model_exit_request"/>
        <field name="auto_delete" eval="False"/>
        <field name="body_html"><![CDATA[
            <p style="font-size:14px;">Dear _user_name_,</p>
            <p style="font-size:14px;">${object.employee_id.full_name}, ID : ${object.employee_code} has requested for
                exit and waiting for your approval.
            </p>

            <p style="font-size:14px;">Department : ${object.department_id.name}</p>
            <p style="font-size:14px;">Designation : ${object.job_id}</p>


            <p style="font-size:14px;">Please click
                <a href="_ticket_url_">here</a>
                to view details.
            </p>
            <br/><br/>

            <p style="font-size:14pt; font-family: calibri;font-weight:bold;">Human Resources Department</p>
            <p style="font-size:12pt; font-family: calibri;">Healthcare Pharmaceuticals Limited</p>
            ]]>
            </field>
    </record>


    <!-- HOD approval -->
    <record id="exit_request_hod_approved_template_" model="mail.template">
        <field name="name">Exit Request : HoD Approval</field>
        <field name="subject">Exit Request :${object.name} has been approved by Head of Department</field>
        <field name="model_id" ref="ccl_exit_process.model_exit_request"/>
        <field name="auto_delete" eval="False"/>
        <field name="body_html"><![CDATA[
            <p style="font-size:14px;">Dear _user_name_,</p>
            <p style="font-size:14px;">Exit request has been approved by your department head.</p>

            <p style="font-size:14px;">Ref. : ${object.name}</p>
            <p style="font-size:14px;">Department : ${object.department_id.name}</p>
            <p style="font-size:14px;">Designation : ${object.job_id.name}</p>


            <p style="font-size:14px;">Please click
                <a href="_ticket_url_">here</a>
                to view details.
            </p>
            <br/><br/>

            <p style="font-size:14pt; font-family: calibri;font-weight:bold;">Human Resources Department</p>
            <p style="font-size:12pt; font-family: calibri;">Healthcare Pharmaceuticals Limited</p>
            ]]>
            </field>
    </record>

    <record id="exit_request_sent_to_it_template_" model="mail.template">
        <field name="name">Exit Request : Sent to IT</field>
        <field name="model_id" ref="ccl_exit_process.model_exit_request"/>
        <field name="subject">Exit Request : ${object.name} has been created by Employee ${object.employee_id.name}
        </field>
        <field name="auto_delete" eval="False"/>
        <field name="body_html"><![CDATA[
            <p style="font-size:14px;">Dear _user_name_,</p>
            <p style="font-size:14px;">${object.employee_id.name}, ID : ${object.employee_code} has requested for
                exit and waiting for IT clearance.
            </p>

            <p style="font-size:14px;">Ref. : ${object.name}</p>
            <p style="font-size:14px;">Department : ${object.department_id.name}</p>
            <p style="font-size:14px;">Designation : ${object.job_id.name}</p>

            <p style="font-size:14px;">Please click
                <a href="_ticket_url_">here</a>
                to view details and clear from IT.
            </p>
            ]]>
            </field>
    </record>




    <!-- for HR approval-->
    <record id="exit_request_sent_to_hr_template_" model="mail.template">
        <field name="name">Exit Request : Sent to HR</field>
        <field name="model_id" ref="ccl_exit_process.model_exit_request"/>
        <field name="subject">Exit Request : ${object.name} has been created by Employee ${object.employee_id.name}
        </field>
        <field name="auto_delete" eval="False"/>
        <field name="body_html"><![CDATA[
            <p style="font-size:14px;">Dear _user_name_,</p>
            <p style="font-size:14px;">${object.employee_id.name}, ID : ${object.employee_code} has requested for
                exit.
            </p>

            <p style="font-size:14px;">Ref. : ${object.name}</p>
            <p style="font-size:14px;">Department : ${object.department_id.name}</p>
            <p style="font-size:14px;">Designation : ${object.job_id.name}</p>

            <p style="font-size:14px;">Please click
                <a href="_ticket_url_">here</a>
                to view details and approve the request.
            </p>
            ]]>
            </field>
    </record>

     <!-- TO EMPLOYEE EXIT Approve Mail-->
    <record id="exit_request_confirm_confirm_mail_template" model="mail.template">
        <field name="name">Exit Request : Employee Exit Confirmation</field>
        <field name="model_id" ref="ccl_exit_process.model_exit_request"/>
        <field name="subject">Exit Request Approved</field>
        <field name="body_html"><![CDATA[
            <p style="font-size:14px;">Dear _user_name_,</p>

            <p style="font-size:14px;">Your Exit request is approved by _department_name_ .</p>
            <p style="font-size:14px;">Please wait for next approval and exit process.</p>

            ]]>
            </field>
    </record>

    <!-- TO EMPLOYEE EXIT REJECT Mail-->
    <record id="exit_request_confirm_reject_mail_template" model="mail.template">
        <field name="name">Exit Request : Employee Exit Reject</field>
        <field name="model_id" ref="ccl_exit_process.model_exit_request"/>
        <field name="subject">Exit Request Reject</field>
        <field name="body_html"><![CDATA[
            <p style="font-size:14px;">Dear _user_name_,</p>

            <p style="font-size:14px;">Your Exit request is rejected by _department_name_ .</p>
            <br></br>
            <p style="font-size:14px;">Thank you.</p>

            ]]>
            </field>
    </record>

     <!-- TO HR EMPLOYEE EXIT CONFIRMATION approval-->
    <record id="exit_request_confirm_exit_hr_template_" model="mail.template">
        <field name="name">Exit Request : Employee Exit Confirmation</field>
        <field name="model_id" ref="ccl_exit_process.model_exit_request"/>
        <field name="subject">Exit Request : ${object.name} has been confirmed
        </field>
        <field name="auto_delete" eval="False"/>
        <field name="body_html"><![CDATA[
            <p style="font-size:14px;">Dear _user_name_,</p>
            <p style="font-size:14px;">${object.employee_id.name}, ID : ${object.employee_code} has requested for
                exit. Exit was confirmed and employee access was removed from system.
            </p>

            <p style="font-size:14px;">Ref. : ${object.name}</p>
            <p style="font-size:14px;">Department : ${object.department_id.name}</p>
            <p style="font-size:14px;">Designation : ${object.job_id.name}</p>

            <p style="font-size:14px;">Please click
                <a href="_ticket_url_">here</a>
                to view details and approve the request.
            </p>
            ]]>
            </field>
    </record>


    <!-- Exit Check list  MAil Template -->
    <record id="exit_request_check_list_template" model="mail.template">
        <field name="name">Exit Request : Mail For Clearance Checklist</field>
        <field name="subject">Exit Request :${object.name} has been approved by Supervisor</field>
        <field name="model_id" ref="ccl_exit_process.model_exit_request"/>
        <field name="auto_delete" eval="False"/>
        <field name="body_html"><![CDATA[
            <p style="font-size:14px; font-family: calibri;">Dear Sir/Madam,</p>
            <p style="font-size:14px; font-family: calibri;">
                An exit request has waiting for your clearance.
                Please check your checklist and update it as soon as possible.
            </p>

            <p style="font-size:14px; font-family: calibri;">Employee Name : ${object.employee_id.full_name}</p>
            <p style="font-size:14px; font-family: calibri;">ID : ${object.employee_code}</p>
            <p style="font-size:14px; font-family: calibri;">Department : ${object.department_id.name}</p>
            <p style="font-size:14px; font-family: calibri;">Designation : ${object.job_id}</p>

             <br></br>
            <p style="font-size:14px; font-family: calibri;">Please click
                <a href="_ticket_url_">here</a>
                to view details.
            </p>
            ]]>
            </field>
    </record>

    <!-- Final Settlement Approval Mail template for payroll -->
    <record id="exit_settlement_pf_template" model="mail.template">
        <field name="name">Final Settlement : Mail For Payroll PF</field>
        <field name="model_id" ref="ccl_exit_process.model_exit_final_settlement"/>
        <field name="subject"> Final settlement approval</field>
        <field name="body_html"><![CDATA[
            <p style="font-size:11pt; font-family: calibri;">Dear Sir/Madam,</p>
            <br/><br/>
            <p style="font-size:11pt; font-family: calibri;">
                A Final Settlement is waiting for your clearance.
                Please check and update it as soon as possible.
            </p>

            <p style="font-size:11pt; font-family: calibri;">Employee Name : ${object.employee_id.full_name}</p>
            <p style="font-size:11pt; font-family: calibri;">ID : ${object.employee_code}</p>
            <p style="font-size:11pt; font-family: calibri;">Department : ${object.department_id.name}</p>
            <p style="font-size:11pt; font-family: calibri;">Designation : ${object.job_id}</p>

            <br/><br/>
            <p style="font-size:14pt; font-family: calibri;font-weight:bold;">Human Resources Department</p>
                    <p style="font-size:12pt; font-family: calibri;">Healthcare Pharmaceuticals Limited</p>
            ]]>
        </field>
    </record>

    <!-- Final Settlement Approved Mail template by payroll -->
    <record id="exit_settlement_final_approved" model="mail.template">
        <field name="name">Final Settlement Approved : Mail Sent to HR</field>
        <field name="model_id" ref="ccl_exit_process.model_exit_final_settlement"/>
        <field name="subject"> Final settlement approved</field>
        <field name="body_html"><![CDATA[
            <p style="font-size:11pt; font-family: calibri;">Dear Sir/Madam,</p>
            <br/>
            <p style="font-size:11pt; font-family: calibri; margin-bottom: 5%;">
                A Final Settlement is approved by Payroll Manager.Please Check it
            </p>
            <p style="font-size:11pt; font-family: calibri;">Employee Name : ${object.employee_id.full_name}</p>
            <p style="font-size:11pt; font-family: calibri;">ID : ${object.employee_code}</p>
            <p style="font-size:11pt; font-family: calibri;">Department : ${object.department_id.name}</p>
            <p style="font-size:11pt; font-family: calibri;">Designation : ${object.job_id}</p>

            <br/><br/>
            <p style="font-size:14pt; font-family: calibri;font-weight:bold;">Human Resources Department</p>
                    <p style="font-size:12pt; font-family: calibri;">Healthcare Pharmaceuticals Limited</p>
            ]]>
        </field>
    </record>


    <!-- Supervisor approval -->
    <record id="emergency_exit_sent_supervisor_template" model="mail.template">
        <field name="name">Emergency Exit : Sent To supervisor</field>
        <field name="subject">Exit Request :${object.name} has been approved.</field>
        <field name="model_id" ref="ccl_exit_process.model_employee_emergency_exit"/>
        <field name="auto_delete" eval="False"/>
        <field name="body_html"><![CDATA[
            <p style="font-size:11pt; font-family:calibri; margin-bottom:5%;">Dear _user_name_,</p>
            <p style="font-size:11pt; font-family:calibri;">${object.employee_id.full_name}, ID :
             ${object.employee_code} has requested for
                exit and waiting for your approval and clearance.
                Please check it and give your clearance as soon as possible.
            </p>

            <p style="font-size:11pt; font-family:calibri;">Department : ${object.department_id.name}</p>
            <p style="font-size:11pt; font-family:calibri;">Designation : ${object.job_id}</p>


            <p style="font-size:11pt; font-family:calibri;">Please click
                <a href="_ticket_url_">here</a>
                to view details.
            </p>
            <br/>
            <br/>
             <p style="font-size:14pt; font-family: calibri;font-weight:bold;">Human Resources Department</p>
                    <p style="font-size:12pt; font-family: calibri;">Healthcare Pharmaceuticals Limited</p>
            ]]>
            </field>
    </record>

    <!-- Exit Check list  MAil Template -->
    <record id="emergency_exit_request_check_list_template" model="mail.template">
        <field name="name">Emergency Exit : Mail For Clearance Checklist</field>
        <field name="subject">Exit Request :${object.name} has been approved by Supervisor</field>
        <field name="model_id" ref="ccl_exit_process.model_employee_emergency_exit"/>
        <field name="body_html"><![CDATA[
            <p style="font-size:11pt; font-family: calibri;margin-botoom:5%;">Dear Sir/Madam,</p>
            <p style="font-size:11pt; font-family: calibri;">
                An exit request has waiting for your clearance.
                Please check your checklist and update it as soon as possible.
            </p>

            <p style="font-size:14px; font-family: calibri;">Employee Name : ${object.employee_id.full_name}</p>
            <p style="font-size:14px; font-family: calibri;">ID : ${object.employee_code}</p>
            <p style="font-size:14px; font-family: calibri;">Department : ${object.department_id.name}</p>
            <p style="font-size:14px; font-family: calibri;">Designation : ${object.job_id}</p>

             <br></br>
            <p style="font-size:14px; font-family: calibri;">Please click
                <a href="_ticket_url_">here</a>
                to view details.
            </p>

            <br/>
            <br/>
             <p style="font-size:14pt; font-family: calibri;font-weight:bold;">Human Resources Department</p>
                    <p style="font-size:12pt; font-family: calibri;">Healthcare Pharmaceuticals Limited</p>
            ]]>
            </field>
    </record>

</odoo>
