<?xml version="1.0" encoding="utf-8"?>
<odoo>

    <!--Adding New Sequence For A Field-->
    <data noupdate="1">
        <record id="seq_employee_inventory_return" model="ir.sequence">
            <field name="name">Employee Inventory Return Sequence</field>
            <field name="code">employee.inventory.return.sequence</field>
            <field name="prefix">INV/RTRN/</field>
            <field name="padding">8</field>
            <field name="company_id" eval="False"/>
        </record>

    </data>
</odoo>
