id,name,model_id:id,group_id:id,perm_read,perm_write,perm_create,perm_unlink
access_trainee_details,access.trainee.details,model_trainee_details,,1,1,1,1
access_trainee_details_main,access.trainee.details.main,model_trainee_details_main,,1,1,1,1
access_trainer_info,access.trainer.info,model_trainer_info,,1,1,1,1

access_all_batch,access.all.batch.lines,model_all_batch,,1,1,1,1

access_mio.batch,access.mio.batch,model_mio_batch,,1,1,1,1
access_training_management,access.training.management,model_training_management,,1,1,1,1
access_training_schedule,access.training.schedule,model_training_schedule,,1,1,1,1
access_schedule_date_lines,access.schedule.date.lines,model_schedule_date_lines,,1,1,1,1
access_schedule_time_lines,access.schedule.time.lines,model_schedule_time_lines,,1,1,1,1
access_attendance_trainee_list,access.attendance.trainee.list.lines,model_attendance_trainee_list,,1,1,1,1


access_trainee_evaluation,access.trainee.evaluation,model_trainee_evaluation,,1,1,1,1
access_observation_lines,access.observation.lines,model_observation_lines,,1,1,1,1

access_trainee_certificate_collection,access.trainee.certificate.collection,model_trainee_certificate_collection,,1,1,1,1
access_certificate_list,access.certificate.list,model_certificate_list,,1,1,1,1

access_field_visit_list,access.field.visit.list,model_field_visit_list,,1,1,1,1
access_visit_list,access.visit.list,model_visit_list,,1,1,1,1

access_briefcase_tracker,access.briefcase.tracker,model_briefcase_tracker,,1,1,1,1
access_tracker_lines,access.tracker.lines,model_tracker_lines,,1,1,1,1

access_training_logistic_tracker,access.training.logistic.tracker,model_training_logistic_tracker,,1,1,1,1
access_trainee_list_line,access.trainee.list.line,model_trainee_list_line,,1,1,1,1
access_element_list_line,access.element.list.line,model_element_list_line,,1,1,1,1



access_field_logistic_tracker,access.field.logistic.tracker,model_field_logistic_tracker,,1,1,1,1
access_trainees_lines,access.trainees.lines,model_trainees_lines,,1,1,1,1
access_element_list,access.element.list,model_element_list,,1,1,1,1

access_role_play,access.role.play,model_role_play,,1,1,1,1
access_trainee_lines,access.trainee.lines,model_trainee_lines,,1,1,1,1

access_training_allowance,access.training.allowance,model_training_allowance,,1,1,1,1
access_allowance_list,access.allowance.list,model_allowance_list,,1,1,1,1


access_weekly_evaluation_form,access.weekly.evaluation.form,model_weekly_evaluation_form,,1,1,1,1
access_trainee_list_lines,access.trainee.list.lines,model_trainee_list_lines,,1,1,1,1
access_weekly_trainee_system_subject,access.weekly.trainee.system.subject,model_weekly_trainee_system_subject,,1,1,1,1
access_weekly_trainee_product_subject,access.weekly.trainee.product.subject,model_weekly_trainee_product_subject,,1,1,1,1
access_weekly_trainee_role_subject,access.weekly.trainee.role.subject,model_weekly_trainee_role_subject,,1,1,1,1
access_weekly_trainee_pssii_subject,access.weekly.trainee.pssii.subject,model_weekly_trainee_pssii_subject,,1,1,1,1


access_system_pss,access.system.pss,model_system_pss,,1,1,1,1
access_trainee_system,access.trainee.system,model_trainee_system,,1,1,1,1
access_trainee_system_subject,access.trainee.system.subject,model_trainee_system_subject,,1,1,1,1

access_pss_ii,access.pss.ii,model_pss_ii,,1,1,1,1
access_pss_ii_trainee_system,access.pss.ii.trainee.system,model_pss_ii_trainee_system,,1,1,1,1
access_pss_ii_trainee_system_subject,access.pss.ii.trainee.system.subject,model_pss_ii_trainee_system_subject,,1,1,1,1

access_products_sheet,access.products.sheet,model_products_sheet,,1,1,1,1
access_products_trainee_list,access.products.trainee.list,model_products_trainee_list,,1,1,1,1
access_product_subject,access.product.subject,model_product_subject,,1,1,1,1

access_grooming_sheet,access.grooming.sheet,model_grooming_sheet,,1,1,1,1
access_grooming_sheet_trainee_system,access.grooming.sheet.trainee.system,model_grooming_sheet_trainee_system,,1,1,1,1
access_grooming_sheet_trainee_system_subject,access.grooming.sheet.trainee.system.subject,model_grooming_sheet_trainee_system_subject,,1,1,1,1

access_assignment_sheet,access.assignment.sheet,model_assignment_sheet,,1,1,1,1
access_trainee_assignment_lines,access.trainee.assignment.lines,model_trainee_assignment_lines,,1,1,1,1
access_assignment_system_subject,access.assignment.system.subject,model_assignment_system_subject,,1,1,1,1

access_grooming_role_sheet,access.grooming.role.sheet,model_grooming_role_sheet,,1,1,1,1
access_grooming_role_play_list,access.grooming.role.play.list,model_grooming_role_play_list,,1,1,1,1
access_role_play_subject,access.role.play.subject,model_role_play_subject,,1,1,1,1

access_logistic_items,access.logistic.items,model_logistic_items,,1,1,1,1
access_item_lines,access.item.lines,model_item_lines,,1,1,1,1

access_venue_details,access.venue.details,model_venue_details,,1,1,1,1

access_event_template,access.event.template,model_event_template,,1,1,1,1
access_event_template_line,access.event.template.line,model_event_template_line,,1,1,1,1

access_result_sheet_template,access.result.sheet.template,model_result_sheet_template,,1,1,1,1
access_result_sheet_template_line,access.result.sheet.template.line,model_result_sheet_template_line,,1,1,1,1

access_field_attendance,access.field.attendance,model_field_attendance,,1,1,1,1
access_field_attendance_line,access.field.attendance.line,model_field_attendance_line,,1,1,1,1

access_training_attendance,access.training.attendance,model_training_attendance,,1,1,1,1
access_training_attendance_line,access.training.attendance.line,model_training_attendance_line,,1,1,1,1

access_final_result_sheet_details,access.final.result.sheet.details,model_final_result_sheet_details,,1,1,1,1
access_result_list,access.result.list,model_result_list,,1,1,1,1
