<?xml version="1.0" encoding="UTF-8"?>
<odoo>
    <data>

        <record model="ir.module.category" id="training_category">
            <field name="name">Training</field>
            <field name="sequence">3</field>
        </record>

        <record id="group_training_user" model="res.groups">
            <field name="name">Training User</field>
            <field name="category_id" ref="ccl_recruitment_training.training_category"/>
        </record>

       <record id="group_training_admin" model="res.groups">
            <field name="name">Training Admin</field>
            <field name="category_id" ref="ccl_recruitment_training.training_category"/>
        </record>

    </data>
</odoo>