id,name,model_id:id,group_id:id,perm_read,perm_write,perm_create,perm_unlink
access_hr_recruitment_request_manager,hr_recruitment_request_manager,model_hr_recruitment_request,group_hr_recruitment_second,1,1,1,1
access_hr_applicant_user_second,hr.applicant.user.second,hr_recruitment.model_hr_applicant,group_hr_recruitment_second,1,0,0,0
access_hr_recruitment_stage_user_second,hr.recruitment.stage.user.second,hr_recruitment.model_hr_recruitment_stage,group_hr_recruitment_second,1,0,0,0
access_hr_recruitment_stage_manager_second,hr.recruitment.stage.manager.second,hr_recruitment.model_hr_recruitment_stage,group_hr_recruitment_second,1,1,1,1
access_hr_recruitment_degree_second,hr.recruitment.degree.second,hr_recruitment.model_hr_recruitment_degree,group_hr_recruitment_second,1,1,1,1
access_res_partner_hr_user_second,res.partner.user.second,base.model_res_partner,group_hr_recruitment_second,1,1,1,1
access_calendar_event_hruser_second,calendar.event.hruser.second,calendar.model_calendar_event,group_hr_recruitment_second,1,1,1,1
access_hr_recruitment_source_hr_officer_second,hr.recruitment.source.second,hr_recruitment.model_hr_recruitment_source,group_hr_recruitment_second,1,1,1,1
access_hr_recruitment_source_all_second,hr.recruitment.source.second,hr_recruitment.model_hr_recruitment_source,,1,0,0,0
access_hr_applicant_category_second,hr.applicant_category.second,hr_recruitment.model_hr_applicant_category,,1,1,1,0
access_hr_applicant_category_manager_second,hr.applicant_category.second,hr_recruitment.model_hr_applicant_category,group_hr_recruitment_second,1,1,1,1
access_calendar_event_type_hr_officer_second,calendar.event.type.officer.second,calendar.model_calendar_event_type,group_hr_recruitment_second,1,1,1,0
access_hr_job_second,hr.job.user.second,hr.model_hr_job,group_hr_recruitment_second,1,0,0,0
access_hr_employee_second,hr.employee.user.second,hr.model_hr_employee,group_hr_recruitment_second,1,1,0,0
access_employee_job_grade_second,hr.employee.job.grade.user.second,recruitment_requests.model_employee_job_grade,group_hr_recruitment_second,1,1,0,0
access_hr_recruitment_request_manager_1,access.hr.recruitment.request.manager,model_hr_recruitment_request,hr_recruitment_hr_manager_group,1,1,1,1
access_hr_applicant_user_hr_manager,access.hr.applicant.user.manager,hr_recruitment.model_hr_applicant,hr_recruitment_hr_manager_group,1,1,1,1
access_hr_recruitment_stage_user_hr_manager,access.hr.recruitment.stage.hr.manager,hr_recruitment.model_hr_recruitment_stage,hr_recruitment_hr_manager_group,1,1,1,1
access_hr_recruitment_stage_manager_hr_manager,access.hr.recruitment.stage.hr.manager,hr_recruitment.model_hr_recruitment_stage,hr_recruitment_hr_manager_group,1,1,1,1
access_hr_recruitment_degree_hr_manager,access.hr.recruitment.degree.manager,hr_recruitment.model_hr_recruitment_degree,hr_recruitment_hr_manager_group,1,1,1,1
access_res_partner_hr_user_hr_manager,access.res.partner.user.manager,base.model_res_partner,hr_recruitment_hr_manager_group,1,1,1,1
access_calendar_event_hruser_hr_manager,access.calendar.event.hruser.manager,calendar.model_calendar_event,hr_recruitment_hr_manager_group,1,1,1,1
access_hr_recruitment_source_hr_officer_second,access.hr.recruitment.source.manager,hr_recruitment.model_hr_recruitment_source,hr_recruitment_hr_manager_group,1,1,1,1
access_hr_recruitment_source_all_hr_manager,access.hr.recruitment.source.manager,hr_recruitment.model_hr_recruitment_source,,1,1,1,1
access_hr_applicant_category_hr_manager,access.hr.applicant_category.manager,hr_recruitment.model_hr_applicant_category,,1,1,1,1
access_hr_applicant_category_manager_hr_manager,access.hr.applicant_category.manager,hr_recruitment.model_hr_applicant_category,hr_recruitment_hr_manager_group,1,1,1,1
access_calendar_event_type_hr_officer_hr_manager,access.calendar.event.type.officer.manager,calendar.model_calendar_event_type,hr_recruitment_hr_manager_group,1,1,1,1
access_hr_job_hr_manager,access.hr.job.user.manager,hr.model_hr_job,hr_recruitment_hr_manager_group,1,1,1,1
access_hr_employee_hr_manager,access.hr.employee.manager,hr.model_hr_employee,hr_recruitment_hr_manager_group,1,1,1,1
access_employee_job_grade_hr_manager,access.hr.employee.job.grade.manager,recruitment_requests.model_employee_job_grade,hr_recruitment_hr_manager_group,1,1,1,1
access_employee_appointment_letter,access.appointment.letter,model_appointment_letter,,1,1,1,1
access_salary_structure_template,access.salary.structure.template,model_salary_structure_template,,1,1,1,1
access_salary_structure_template_line,access.salary.structure.template.line,model_salary_structure_template_line,,1,1,1,1
access_employee_confirmed_applicant,access.confirmed.applicant,model_confirmed_applicant,,1,1,1,1
access_prev_exp,access.prev.exp,model_prev_exp,,1,1,1,1
access_bulk_employee_create,access.bulk.employee.create,model_bulk_employee_create,,1,1,1,1

