<?xml version="1.0" encoding="utf-8"?>
<odoo>
    <!--CCL Groups-->

    <record model="ir.module.category" id="module_category_ccl_recruitment">
        <field name="name">Shohoz Recruitment</field>
        <field name="description">Custom group for Shohoz Recruitment</field>
        <field name="sequence">1001</field>
    </record>

    <!--Second Tier HOD-->


    <record id="group_hr_recruitment_second" model="res.groups">
        <field name="name">2nd Tier HoD</field>
        <field name="comment">Second Tier HoD Permission Group.</field>
        <field name="category_id" ref="module_category_ccl_recruitment"/>
    </record>

    <!--HOD-->

    <record id="hr_recruitment_hod_group" model="res.groups">
        <field name="name">HoD</field>
        <field name="category_id" ref="module_category_ccl_recruitment"/>
        <field name="implied_ids" eval="[(4, ref('group_hr_recruitment_second'))]"/>
        <field name="comment">HoD Permission Group.</field>
    </record>

    <!--HR Manager-->
    <!--    <record id="group_hr_recruitment_hr_manager" model="res.groups">-->
    <!--        <field name="name">HR Manager</field>-->
    <!--        <field name="category_id" ref="module_category_ccl_recruitment"/>-->
    <!--        <field name="comment">HR Manager Permission Group.</field>-->
    <!--    </record>-->

    <record id="hr_recruitment_hr_manager_group" model="res.groups">
        <field name="name">HR-Manager</field>
        <field name="category_id" ref="module_category_ccl_recruitment"/>
        <field name="comment">HR Manager Permission Group.</field>
        <field name="implied_ids" eval="[(4, ref('hr.group_hr_user'))]"/>

    </record>

    <!--MD-->

    <record id="hr_recruitment_md_group" model="res.groups">
        <field name="name">Shohoz MD</field>
        <field name="category_id" ref="module_category_ccl_recruitment"/>
        <field name="implied_ids" eval="[(4, ref('group_hr_recruitment_second'))]"/>
        <field name="comment">MD Permission Group.</field>
    </record>

</odoo>
