id,name,model_id:id,group_id:id,perm_read,perm_write,perm_create,perm_unlink

access_hr_recruitment_requisition,access.hr.recruitment.requisition,model_hr_recruitment_requisition,,1,1,1,1
access_hr_recruitment_requisition_lines,access.hr.recruitment.requisition.lines,model_hr_recruitment_requisition_lines,,1,1,1,1

access_pre_boarding_list,access.pre.boarding.list.lines,model_pre_boarding_list,,1,1,1,1

access_assessment_template,access.assessment.template,model_assessment_template,,1,1,1,1
access_assessment_template_lines,access.assessment.template.lines,model_assessment_template_lines,,1,1,1,1

access_interview_assessment_form,access.interview.assessment.form,model_interview_assessment_form,,1,1,1,1
access_interview_assessment_form_line,access.interview.assessment.form.line,model_interview_assessment_form_line,,1,1,1,1

access_manpower_summary,access.manpower.summary,model_manpower_summary,,1,1,1,1
access_manpower_summary_lines,access.manpower.summary.lines,model_manpower_summary_lines,,1,1,1,1


access_candidate_written_test,access.candidate.written.test,model_candidate_written_test,,1,1,1,1
access_written_test_result_line,access.written.test.result.line,model_written_test_result_line,,1,1,1,1
access_candidate_interview,access.candidate.interview,model_candidate_interview,,1,1,1,1
access_candidate_interview_line,access.candidate.interview.line,model_candidate_interview_line,,1,1,1,1

access_new_employee,access.new.employee.line,model_new_employee,,1,1,1,1
