<?xml version="1.0" encoding="UTF-8"?>
<odoo>
    <data>

        <record model="ir.module.category" id="exit_category">
            <field name="name">Exit Category</field>
            <field name="sequence">2</field>
        </record>

<!--        Responsible Group -->
        <record id="group_exit_supervisor" model="res.groups">
            <field name="name">Supervisors</field>
            <field name="category_id" ref="ccl_exit_process.exit_category"/>
        </record>

        <record id="group_exit_hod" model="res.groups">
            <field name="name">Department Head</field>
            <field name="category_id" ref="ccl_exit_process.exit_category"/>
        </record>

        <record id="group_exit_hr_manager" model="res.groups">
            <field name="name">HR Manager</field>
            <field name="category_id" ref="ccl_exit_process.exit_category"/>
        </record>

        <record id="group_exit_immediate_supervisor" model="res.groups">
            <field name="name">Immediate Supervisors</field>
            <field name="category_id" ref="ccl_exit_process.exit_category"/>
        </record>

        <record id="group_exit_payroll_manager" model="res.groups">
            <field name="name">Payroll Manager</field>
            <field name="category_id" ref="ccl_exit_process.exit_category"/>
        </record>

        <record id="group_exit_payroll_pf" model="res.groups">
            <field name="name">Payroll PF</field>
            <field name="category_id" ref="ccl_exit_process.exit_category"/>
        </record>

        <!--        Clearance Checklist group -->

        <record id="group_exit_finance" model="res.groups">
            <field name="name">Plant Accounts</field>
            <field name="category_id" ref="ccl_exit_process.exit_category"/>
        </record>

        <record id="group_exit_audit" model="res.groups">
            <field name="name">Plant Audit</field>
            <field name="category_id" ref="ccl_exit_process.exit_category"/>
        </record>

        <record id="group_exit_admin" model="res.groups">
            <field name="name">Plant Admin</field>
            <field name="category_id" ref="ccl_exit_process.exit_category"/>
        </record>

        <record id="group_exit_corp_mis" model="res.groups">
            <field name="name">Corporate MIS/IT</field>
            <field name="category_id" ref="ccl_exit_process.exit_category"/>
        </record>

        <record id="group_exit_corp_gs" model="res.groups">
            <field name="name">Corporate GS</field>
            <field name="category_id" ref="ccl_exit_process.exit_category"/>
        </record>

        <record id="group_exit_corp_finance" model="res.groups">
            <field name="name">Corporate Finance</field>
            <field name="category_id" ref="ccl_exit_process.exit_category"/>
        </record>

        <record id="group_exit_it" model="res.groups">
            <field name="name">Plant MIS/IT</field>
            <field name="category_id" ref="ccl_exit_process.exit_category"/>
        </record>


        <record id="group_exit_employee" model="res.groups">
            <field name="name">Employee</field>
            <field name="category_id" ref="ccl_exit_process.exit_category"/>
        </record>


<!--        Record rule / permission-->

<!--        <record model="ir.rule" id="see_his_exit_request">-->
<!--            <field name="name">See His Request Only</field>-->
<!--            <field name="model_id" ref="model_exit_request"/>-->
<!--            <field name="domain_force">[('employee_user_id', '=', user.id)]</field>-->
<!--            <field name="groups" eval="[(4, ref('group_exit_employee'))]"/>-->
<!--            <field name="perm_create" eval="1"/>-->
<!--            <field name="perm_write" eval="1"/>-->
<!--            <field name="perm_unlink" eval="1"/>-->
<!--            <field name="perm_read" eval="1"/>-->
<!--        </record>-->

<!--        <record model="ir.rule" id="see_own_department_request">-->
<!--            <field name="name">See Departmental Request</field>-->
<!--            <field name="model_id" ref="model_exit_request"/>-->
<!--            <field name="domain_force">[('department_id', '=', user.employee_id.department_id.id)]</field>-->
<!--            <field name="groups" eval="[(4, ref('group_exit_hod'))]"/>-->
<!--            <field name="perm_create" eval="1"/>-->
<!--            <field name="perm_write" eval="1"/>-->
<!--            <field name="perm_unlink" eval="1"/>-->
<!--            <field name="perm_read" eval="1"/>-->
<!--        </record>-->

    </data>
</odoo>