<?xml version="1.0" ?>
<odoo>

    <data noupdate="1">
        <!--Template For Joining Letter-->
        <record id="joining_letter_email_template" model="mail.template">
            <field name="name">Joining Letter: Send by email</field>
            <field name="model_id" ref="ccl_onboarding.model_employee_joining_report"/>
            <field name="email_from">cclsupp2019@gmail.com</field>
            <field name="email_to">${object.employee_id.email_from}</field>
            <field name="subject">Joining Letter</field>
            <field name="body_html" type="html">
                <div style="margin: 0px; padding: 0px;">
                    <p style="margin: 0px; padding: 0px; font-size: 13px;">
                        Dear ${object.employee_id.name}
                        <br /><br />
                        Here is your Joining Letter.
                        <br /><br />
                        If you have queries feel free to ask.
                    </p>
                </div>
            </field>
            <field name="report_template" ref="employee_joining_report_pdf"/>
            <field name="report_name">Joining Letter for ${(object.employee_id.name)}</field>
        </record>

        <record id="final_settlement_payroll_email_template" model="mail.template">
            <field name="name">Final Settlement Approved : Mail Sent to Payroll</field>
            <field name="model_id" ref="ccl_exit_process.model_exit_final_settlement"/>
            <field name="email_from">cclsupp2019@gmail.com</field>
            <field name="email_to"></field>
            <field name="subject">Final settlement approved</field>
            <field name="body_html"><![CDATA[
            <p style="font-size:11pt; font-family: calibri;">Dear Sir/Madam,</p>
            <br/>
            <p style="font-size:11pt; font-family: calibri; margin-bottom: 5%;">
                A Final Settlement is waiting for your clearance.
                Please check and update it as soon as possible.
            </p>
            <p style="font-size:11pt; font-family: calibri;">Employee Name : ${object.employee_id.full_name}</p>
            <p style="font-size:11pt; font-family: calibri;">ID : ${object.employee_code}</p>
            <p style="font-size:11pt; font-family: calibri;">Department : ${object.department_id.name}</p>
            <p style="font-size:11pt; font-family: calibri;">Designation : ${object.job_id}</p>

            <br/><br/>
            <p style="font-size:14pt; font-family: calibri;font-weight:bold;">Human Resources Department</p>
                    <p style="font-size:12pt; font-family: calibri;">Healthcare Pharmaceuticals Limited</p>
            ]]>
        </field>
        </record>

        <record id="final_settlement_pf_email_template" model="mail.template">
            <field name="name">Final Settlement Approved : Mail Sent to PF Manager</field>
            <field name="model_id" ref="ccl_exit_process.model_exit_final_settlement"/>
            <field name="email_from">cclsupp2019@gmail.com</field>
            <field name="email_to"></field>
            <field name="subject">Final settlement approved</field>
            <field name="body_html"><![CDATA[
            <p style="font-size:11pt; font-family: calibri;">Dear Sir/Madam,</p>
            <br/><br/>
            <p style="font-size:11pt; font-family: calibri;">
                A Final Settlement is waiting for your clearance.
                Please check and update it as soon as possible.
            </p>

            <p style="font-size:11pt; font-family: calibri;">Employee Name : ${object.employee_id.full_name}</p>
            <p style="font-size:11pt; font-family: calibri;">ID : ${object.employee_code}</p>
            <p style="font-size:11pt; font-family: calibri;">Department : ${object.department_id.name}</p>
            <p style="font-size:11pt; font-family: calibri;">Designation : ${object.job_id}</p>

            <br/><br/>
            <p style="font-size:14pt; font-family: calibri;font-weight:bold;">Human Resources Department</p>
                    <p style="font-size:12pt; font-family: calibri;">Healthcare Pharmaceuticals Limited</p>
            ]]>
        </field>
        </record>

         <!--Template For Joining Announcement-->
        <record id="joining_announcement_email_template" model="mail.template">
            <field name="name">Joining Announcement: Send by email</field>
            <field name="model_id" ref="ccl_onboarding.model_employee_joining_report"/>
            <field name="email_from">cclsupp2019@gmail.com</field>
            <field name="email_to"></field>
            <field name="subject">Joining Announcement</field>
            <field name="body_html" type="html">
                <div style="margin: 0px; padding: 0px;">
                    <p style="margin: 0px; padding: 0px; font-size:14pt; font-family: calibri;">
                        Dear Team,
                        <br/>
                        <br/>
                        We are delighted to inform you that a new member will be joining the team .
                        <br/>
                        The details of the new team member is provided below. Please kindly check.
                    </p>
                    <br/>
                    <br/>
                    <p style="font-size:14pt; font-family: calibri;font-weight:bold;">Human Resources Department</p>
                    <p style="font-size:12pt; font-family: calibri;">Healthcare Pharmaceuticals Limited</p>
                </div>
            </field>
            <field name="report_template" ref="employee_joining_announcement_pdf"/>
            <field name="report_name">Joining Letter for ${(object.employee_id.name)}</field>
        </record>

        <!--Template For Development Plan-->
        <record id="development_plan_email_template" model="mail.template">
            <field name="name">Development Plan: Send by email</field>
            <field name="model_id" ref="ccl_onboarding.model_employee_development_plan"/>
            <field name="email_from">cclsupp2019@gmail.com</field>
            <field name="email_to">${object.employee_id.email_from}</field>
            <field name="subject">New Employee Joining</field>
            <field name="body_html">
                <![CDATA[
            <p style="font-size:11pt; font-family: calibri;">Dear Sir/Madam ,</p>
             <br/>
            <p style="font-size:11pt; font-family: calibri;">
            You have been assigned for the bellow task of the new employee of
             <span style="font-weight: bold;">_tittle_ ${object.employee_id.partner_name}, ID: ${object.employee_code},
             ${object.employee_id.job_id.name}(${object.plant_area}) </span>
             who will join in ${object.joining_date} .</p>
            <br/>_ticket_url_<br/><br/>
            <p style="font-size:14pt; font-family: calibri;font-weight:bold;">Human Resources Department</p>
                    <p style="font-size:12pt; font-family: calibri;">Healthcare Pharmaceuticals Limited</p>

            ]]>
            </field>
        </record>

        <!--Template For Joining Formalities -->
        <record id="joining_formalities_email_template" model="mail.template">
            <field name="name">Joining Formalities: Send by email</field>
            <field name="model_id" ref="ccl_onboarding.model_employee_joining_report"/>
            <field name="email_from">cclsupp2019@gmail.com</field>
            <field name="email_to">${object.employee_id.email_from}</field>
            <field name="subject">Joining Formalities</field>
            <field name="body_html" type="html">
                <div style="margin: 0px; padding: 0px;">

                </div>
            </field>

        </record>


         <!--Orientation Schedule Template-->
        <record id="orientation_schedule_email_template" model="mail.template">
            <field name="name">Orientation Schedule: Send by email</field>
            <field name="model_id" ref="ccl_onboarding.model_employee_orientation_schedule"/>
            <field name="email_from">cclsupp2019@gmail.com</field>
            <field name="email_to"></field>
            <field name="subject">Orientation Schedule</field>
            <field name="body_html" type="html">
                <div style="margin: 0px; padding: 0px;">
                    <p style="margin: 0px; padding: 0px; font-size: 11pt; font-family: calibri;">
                        Dear Sir/Madam
                        <br /><br />
                        Here is the Orientation Schedule of ${object.employee_id.full_name} .
                        <br/>
                        Designation :  ${object.designation}
                        <br /><br />
                        If you have queries feel free to ask.
                    </p>
                    <br></br>
                    <p style="font-size:14pt; font-family: calibri;font-weight:bold;">Human Resources Department</p>
                    <p style="font-size:12pt; font-family: calibri;">Healthcare Pharmaceuticals Limited</p>
                </div>
            </field>
            <field name="report_template" ref="print_orientation_schedule_pdf"/>
            <field name="report_name">Orientation_Schedule_of_${(object.employee_id.name)}</field>
        </record>

        <!--Orientation Schedule Template for All responsible person-->
        <record id="orientation_schedule_email_template_for_responsible" model="mail.template">
            <field name="name">Orientation Schedule for Responsible Persons: Send by email</field>
            <field name="model_id" ref="ccl_onboarding.model_employee_orientation_schedule"/>
            <field name="email_from">cclsupp2019@gmail.com</field>
            <field name="email_to">${object.employee_id.work_email}</field>
            <field name="subject">Orientation Schedule</field>
            <field name="body_html"><![CDATA[
            <p style="font-size:11pt; font-family: calibri;">Dear Sir/Madam,</p>
            <br></br>
            <p style="font-size:11pt; font-family: calibri;">
                We request your kind presence in an orientation session as per the following schedule:
            </p>
            <br></br>
            <p style="font-size:11pt; font-family: calibri;">Date: {_date_}</p>
            <p style="font-size:11pt; font-family: calibri;">Time: {_time_}</p>
            <p style="font-size:11pt; font-family: calibri;">Venue : {_venue_}</p>
            <p style="font-size:11pt; font-family: calibri;">Agenda : {_agenda_}</p>

             <br></br>
            <p style="font-size:14pt; font-family: calibri;font-weight:bold;">Human Resources Department</p>
            <p style="font-size:12pt; font-family: calibri;">Healthcare Pharmaceuticals Limited</p>

            ]]>
            </field>
        </record>

    </data>
</odoo>